Statistics;Value
min;-100
max;335
sum;339
amean;30.818181818181817
Q1;5
median;9
Q3;20
outliers;-100,335
variance;11347.163636363635
stdev;106.5230662174331