Statistics;Value
min;0
max;1101
sum;124671
amean;289.25986078886314
Q1;0
median;350
Q3;475
outliers;
variance;68054.90440835248
stdev;260.873349363925